"","Folio","prediction","team_name"
"1",141380013010,296776.937770956,"Panda"
"2",141380013150,556122.448247311,"Panda"
"3",141380013180,288776.14048258,"Panda"
"4",141380013210,115057.267746441,"Panda"
"5",141380013280,276336.653869053,"Panda"
"6",141380014320,1366158.67512062,"Panda"
"7",141380014390,1936336.70599927,"Panda"
"8",141380014691,1026225.3568467,"Panda"
"9",141380014790,931565.82954594,"Panda"
"10",141380015040,768564.218976388,"Panda"
"11",141380015140,1499012.30451975,"Panda"
"12",141380015320,1454688.36582293,"Panda"
"13",141380080060,496947.486840578,"Panda"
"14",141380080190,786030.226958892,"Panda"
"15",141380080350,791351.280429925,"Panda"
"16",141380080360,557672.781800505,"Panda"
"17",141380080370,390356.003817234,"Panda"
"18",141380080470,540007.663204714,"Panda"
"19",141380080570,559833.960950813,"Panda"
"20",141380080600,38297.1048962832,"Panda"
"21",141380080610,28198.958415577,"Panda"
"22",141380080840,1156904.64882317,"Panda"
"23",141380080860,480705.566147961,"Panda"
"24",141380080910,567246.750479999,"Panda"
"25",141380081260,1380188.03620524,"Panda"
"26",141380081300,762516.021527113,"Panda"
"27",141380081480,383276.809611211,"Panda"
"28",141380081500,1087881.60320477,"Panda"
"29",141380081540,1330260.69689365,"Panda"
"30",141380081670,262353.454097701,"Panda"
"31",141380081710,-136725.401884322,"Panda"
"32",141380081920,834162.196157664,"Panda"
"33",141380082000,819307.275346736,"Panda"
"34",141380082050,297288.533090295,"Panda"
"35",141380082061,-65273.8854581854,"Panda"
"36",141380082080,675621.002223075,"Panda"
"37",141380082270,633165.237824898,"Panda"
"38",141380082360,1270677.35775463,"Panda"
"39",141380082600,979634.71116301,"Panda"
"40",141380083100,1566139.30098926,"Panda"
"41",141380090030,575628.680365684,"Panda"
"42",141380090070,141435.211956299,"Panda"
"43",141380090280,39456.2516701557,"Panda"
"44",141380091010,113029.962650421,"Panda"
"45",141380091340,367837.14468897,"Panda"
"46",141380091380,-18285.4625192468,"Panda"
"47",141380091420,-195605.419330312,"Panda"
"48",141380091440,567703.701662177,"Panda"
"49",141380100020,2111171.26556886,"Panda"
"50",141380100350,1538787.90169016,"Panda"
"51",141380100360,578621.399230677,"Panda"
"52",141380100460,209167.642891959,"Panda"
"53",141380100500,854803.140471321,"Panda"
"54",141380100600,282535.817418877,"Panda"
"55",141380100650,858575.230522103,"Panda"
"56",141380100680,572841.90555745,"Panda"
"57",141380100830,24431.0320093176,"Panda"
"58",141380100970,955614.645900856,"Panda"
"59",141380101000,540153.616288736,"Panda"
"60",141380101030,1329644.68381241,"Panda"
"61",141380101040,570087.414116287,"Panda"
"62",141380101240,559446.38882698,"Panda"
"63",141380101840,710562.221405302,"Panda"
"64",141380101970,1080250.79738576,"Panda"
"65",141390010063,3788873.5182531,"Panda"
"66",141390010290,1162590.93980369,"Panda"
"67",141390010300,2956094.21198175,"Panda"
"68",141390010410,4884263.03011014,"Panda"
"69",141390011090,689291.7725359,"Panda"
"70",141390011844,2741537.52370105,"Panda"
"71",141390011905,2834748.27336825,"Panda"
"72",141390012080,1354610.96282518,"Panda"
"73",141390012140,1390685.49213857,"Panda"
"74",141390012180,1954102.43034112,"Panda"
"75",141390040050,490375.168610514,"Panda"
"76",141390040060,-229658.323966524,"Panda"
"77",141390040170,1119253.30337501,"Panda"
"78",141390050030,333894.094877909,"Panda"
"79",141390050080,888345.043822877,"Panda"
"80",141390050700,390106.440380533,"Panda"
"81",141390051120,-83143.6965756063,"Panda"
"82",141390051720,413692.674079969,"Panda"
"83",141390051760,879319.719311199,"Panda"
"84",141390051990,550648.475668319,"Panda"
"85",141390052420,238855.898575672,"Panda"
"86",141390052500,765571.786135915,"Panda"
"87",141390052840,856939.554752906,"Panda"
"88",141390070570,827571.448281333,"Panda"
"89",141390072880,-32439.7836226468,"Panda"
"90",141390072890,-157420.871288092,"Panda"
"91",141390073010,-201702.332359011,"Panda"
"92",141390073090,122716.95013481,"Panda"
"93",141390073110,-45670.4548625918,"Panda"
"94",141390073570,82636.7401959174,"Panda"
"95",141390073720,1020178.7775633,"Panda"
"96",141390073790,464240.201867501,"Panda"
"97",141390073950,494078.032016275,"Panda"
"98",141390074010,383467.24584383,"Panda"
"99",141390074030,189905.423379804,"Panda"
"100",141390074240,516292.811851596,"Panda"
"101",141390074441,937026.300122499,"Panda"
"102",141391180010,1576016.12737689,"Panda"
"103",141391320020,2116225.89691782,"Panda"
"104",141400020010,2240366.98827545,"Panda"
"105",141400090010,8831345.84708356,"Panda"
"106",141400270020,2479198.21063005,"Panda"
"107",141400310070,1006802.87212893,"Panda"
"108",141400310080,1331738.70879792,"Panda"
"109",141400310110,1189368.5810562,"Panda"
"110",141400340010,2064113.31461769,"Panda"
"111",232020040460,3299999.9999999,"Panda"
"112",232020040540,3230489.78155637,"Panda"
"113",232030010560,922716.925049391,"Panda"
"114",232030010570,661889.009998004,"Panda"
"115",232030010630,552879.496269102,"Panda"
"116",232030010650,899522.860589192,"Panda"
"117",232030010820,818230.702349686,"Panda"
"118",232030010870,905355.333247928,"Panda"
"119",232030010910,668532.166184475,"Panda"
"120",232030010940,915319.141908188,"Panda"
"121",232030011510,1631855.68301337,"Panda"
"122",232030011660,781897.28704409,"Panda"
"123",232030011690,1457423.83193536,"Panda"
"124",232030011930,647476.317371132,"Panda"
"125",232030012060,918888.012967962,"Panda"
"126",232030012070,1027505.18278237,"Panda"
"127",232030012080,578371.726735745,"Panda"
"128",232030012520,668725.579379735,"Panda"
"129",232030012580,617761.676304914,"Panda"
"130",232030012820,693389.269222778,"Panda"
"131",232030012870,1015616.20634854,"Panda"
"132",232030013090,831702.630734307,"Panda"
"133",232030013120,647694.021794239,"Panda"
"134",232030013140,378094.318419646,"Panda"
"135",232030013260,1376566.3954755,"Panda"
"136",232030013400,818280.431584115,"Panda"
"137",232030070010,5900113.57125792,"Panda"
"138",232030070020,880216.946885301,"Panda"
"139",232030070180,582922.728140404,"Panda"
"140",232030070230,814867.243090271,"Panda"
"141",232030070240,326712.960845769,"Panda"
"142",232030070510,-60130.2483581032,"Panda"
"143",232030070540,967717.7983051,"Panda"
"144",232030071080,179952.174492497,"Panda"
"145",232030071920,318420.457967947,"Panda"
"146",232030072260,190187.166180203,"Panda"
"147",232030072330,261913.675734052,"Panda"
"148",232030072470,748836.680852486,"Panda"
"149",232030072560,-264059.370593411,"Panda"
"150",232030073030,455594.641874339,"Panda"
"151",232030073180,-14461.4464594849,"Panda"
"152",232030073240,545751.413499442,"Panda"
"153",232030073320,660083.58109024,"Panda"
"154",232030073350,617688.324188856,"Panda"
"155",232030073550,316563.607190213,"Panda"
"156",232030090100,2374562.07553019,"Panda"
"157",232030110740,343396.462971372,"Panda"
"158",232030110900,599932.162875999,"Panda"
"159",232030111090,1289682.68661205,"Panda"
"160",232030111300,797801.647016681,"Panda"
"161",232030111450,485564.378210783,"Panda"
"162",232030111480,3315313.64469566,"Panda"
"163",232030111540,720149.282547696,"Panda"
"164",232030111690,918856.838836372,"Panda"
"165",232030111870,1367685.72082952,"Panda"
"166",232030111910,2010815.25600704,"Panda"
"167",232030112050,869985.831629252,"Panda"
"168",232030112130,1266291.87590173,"Panda"
"169",232090070020,817603.901188381,"Panda"
"170",232090070060,686355.364067453,"Panda"
"171",232090070090,994335.901067466,"Panda"
"172",232100010150,647323.389512414,"Panda"
"173",232100010250,746919.113058869,"Panda"
"174",232100010310,519893.623939072,"Panda"
"175",232100010350,344063.635524708,"Panda"
"176",232100010520,301595.513540873,"Panda"
"177",232100010620,447826.551497585,"Panda"
"178",232100010690,549245.849069077,"Panda"
"179",232100010790,721197.325841207,"Panda"
"180",232100010900,545262.737199926,"Panda"
"181",232100011120,3434307.98744311,"Panda"
"182",232100011130,1878931.40468083,"Panda"
"183",232100020040,3948898.16373744,"Panda"
"184",232100020220,491909.642608571,"Panda"
"185",232100020480,492506.968916548,"Panda"
"186",232100020540,565938.338194132,"Panda"
"187",232100020630,931279.268687119,"Panda"
"188",232100100160,652402.545617874,"Panda"
"189",232100100200,1126110.28134402,"Panda"
"190",232100100250,1727865.77387928,"Panda"
"191",232100120980,418899.720202079,"Panda"
"192",232100121040,408219.596456177,"Panda"
"193",232100121170,353592.102513767,"Panda"
"194",232100121320,358439.720610209,"Panda"
"195",232100121340,473923.252998053,"Panda"
"196",232100131920,329897.99430207,"Panda"
"197",232100131980,1167831.5230899,"Panda"
"198",232100132090,937008.29538635,"Panda"
"199",232100132110,1949848.73482421,"Panda"
"200",232100132150,1668897.66006993,"Panda"
"201",232100132330,1088869.03571655,"Panda"
"202",232100132710,682834.25079506,"Panda"
"203",232100132870,255888.08632027,"Panda"
"204",232100132900,259824.286944284,"Panda"
"205",232100133270,104712.05671304,"Panda"
"206",232100133310,1359064.87115985,"Panda"
"207",232110140330,1411021.87837713,"Panda"
"208",232110140370,1004492.804964,"Panda"
"209",232110140400,2088828.3050363,"Panda"
"210",232110140410,1116272.4235221,"Panda"
"211",232110140520,1022325.24647777,"Panda"
"212",232110140530,826094.295407322,"Panda"
"213",232110140700,668502.415455239,"Panda"
"214",232110141020,1108670.53746488,"Panda"
"215",232110141090,1259145.3665755,"Panda"
"216",232110141100,2601811.78438669,"Panda"
"217",232110141131,3529666.64096221,"Panda"
"218",232110141200,1111991.82867602,"Panda"
"219",232110141290,2715465.16241309,"Panda"
"220",232110141410,1404024.87306336,"Panda"
"221",232140030530,639971.102648205,"Panda"
"222",232140030590,1755477.59803757,"Panda"
"223",232140030610,816380.271509989,"Panda"
"224",232140030620,2789600.62113254,"Panda"
"225",232140030680,991278.196118642,"Panda"
"226",232140030780,1136873.86295933,"Panda"
"227",232140030890,1833935.21240805,"Panda"
"228",232140031090,817088.095625613,"Panda"
"229",232140031190,1524694.80524403,"Panda"
"230",232140031200,1140583.60272581,"Panda"
"231",232140031260,1101253.7484519,"Panda"
"232",232140031430,2734021.72062447,"Panda"
"233",232140031680,1050876.24435564,"Panda"
"234",232150030400,1337498.81935714,"Panda"
"235",232150030480,3687135.41921312,"Panda"
"236",232150030570,749670.028775175,"Panda"
"237",232150030670,3126364.58524981,"Panda"
"238",232150030760,2834546.08631077,"Panda"
"239",232150030850,1407978.93445975,"Panda"
"240",232150031010,1061582.5622324,"Panda"
"241",232150031020,733464.86103058,"Panda"
"242",232150031100,1560915.58757277,"Panda"
"243",232150031110,1497598.78612397,"Panda"
"244",232150031220,1371418.87469004,"Panda"
"245",232150031300,3687054.63773222,"Panda"
"246",232150031600,753006.427569749,"Panda"
"247",232150031730,968138.245350449,"Panda"
"248",232150031780,1507727.78548552,"Panda"
"249",232150032410,1162103.58496518,"Panda"
"250",232150032610,2098856.3471132,"Panda"
"251",232150032700,3435858.98197625,"Panda"
"252",232220011050,966643.865393571,"Panda"
"253",232220011220,1083632.45964507,"Panda"
"254",232220011320,520939.174353445,"Panda"
"255",232220011750,1320410.67056432,"Panda"
"256",232220011820,1095472.50756344,"Panda"
"257",232220011870,901777.631329983,"Panda"
"258",232220012020,964535.096082319,"Panda"
"259",232220012080,728076.428800523,"Panda"
"260",232220060060,587238.935876851,"Panda"
"261",232220060090,1539076.23093065,"Panda"
"262",232220060110,483241.75207642,"Panda"
"263",232220060280,1800167.8449359,"Panda"
"264",232220070060,1545821.76669989,"Panda"
"265",232220070280,819332.665960753,"Panda"
"266",232220070350,824405.562762147,"Panda"
"267",232220080020,314062.209536101,"Panda"
"268",232220080110,2781360.51953361,"Panda"
"269",232220080240,1291418.14090672,"Panda"
"270",232220080340,1061468.64325294,"Panda"
"271",232220080350,3132530.9374111,"Panda"
"272",232220080460,1664564.85653624,"Panda"
"273",232220090030,668124.039129953,"Panda"
"274",232220090080,917129.663176264,"Panda"
"275",232220090130,1303593.73043574,"Panda"
"276",232220090320,2626546.27926593,"Panda"
"277",232220090390,1260978.09742172,"Panda"
"278",232220100110,1068327.3101909,"Panda"
"279",232220100210,2193601.88729989,"Panda"
"280",232220100400,1386122.39564337,"Panda"
"281",232220100520,1201852.23715821,"Panda"
"282",232220100590,2304942.6377754,"Panda"
"283",232220100680,964251.007488512,"Panda"
"284",232220100740,2654923.36023096,"Panda"
"285",232220110540,1588910.85247395,"Panda"
"286",232220110660,823789.793654497,"Panda"
"287",232220110750,17498.7407824541,"Panda"
"288",232220110850,1175154.73645595,"Panda"
"289",232220110930,2335060.16702086,"Panda"
"290",232220110980,1957129.30543807,"Panda"
"291",232220111190,1407414.83740731,"Panda"
"292",232220111200,1179483.78498157,"Panda"
"293",232220111260,1050836.34399184,"Panda"
"294",232220111320,876679.75177441,"Panda"
"295",232220111400,91384.2254154104,"Panda"
"296",232220111480,315030.22135245,"Panda"
"297",232220111500,132612.467267623,"Panda"
"298",232220111531,2126495.70736354,"Panda"
"299",232220111600,333671.730031487,"Panda"
"300",232220140050,2722300.28232142,"Panda"
"301",232220140200,2315215.26956237,"Panda"
"302",232220140270,2539878.81741904,"Panda"
"303",232220140280,2246477.97576612,"Panda"
"304",232220140320,992292.846801943,"Panda"
"305",232220140531,4782643.1683665,"Panda"
"306",232220140760,2150834.93097648,"Panda"
"307",232220141030,436337.418060318,"Panda"
"308",232220141070,1016413.81991102,"Panda"
"309",232220141410,836315.534471373,"Panda"
"310",232220141590,457561.283861795,"Panda"
"311",232220160020,3775806.91620412,"Panda"
"312",232220160130,936483.552350453,"Panda"
"313",232220160150,1324864.95301054,"Panda"
"314",232220160190,1470907.77825628,"Panda"
"315",232220160290,1363903.77402128,"Panda"
"316",232220160500,2350496.23752651,"Panda"
"317",232220180260,1802662.2609316,"Panda"
"318",232220180280,459043.382788947,"Panda"
"319",232220180470,1091652.96525661,"Panda"
"320",232220180570,1066083.01198625,"Panda"
"321",232220180590,647843.397525583,"Panda"
"322",232220180810,202956.477657762,"Panda"
"323",232220180840,331101.567206256,"Panda"
"324",232220180880,963113.702025485,"Panda"
"325",232220180900,829508.096462602,"Panda"
"326",232220180970,533333.829362306,"Panda"
"327",232220181155,3381890.98104083,"Panda"
"328",232220220040,1323956.99548892,"Panda"
"329",232220220060,1197166.99510158,"Panda"
"330",232220220090,842828.016567062,"Panda"
"331",232220220250,1295849.3804745,"Panda"
"332",232220220270,4256458.08719597,"Panda"
"333",232220220430,1660654.8613119,"Panda"
"334",232220220490,1021147.29815445,"Panda"
"335",232220220550,945234.023891342,"Panda"
"336",232220220640,866409.0805505,"Panda"
"337",232220220820,1163161.23587573,"Panda"
"338",232220220930,2284938.49541291,"Panda"
"339",232220221050,1320476.92569297,"Panda"
"340",232220221130,1040881.51454182,"Panda"
"341",232270010040,1305903.22459439,"Panda"
"342",232270010070,3106041.0137452,"Panda"
"343",232270010230,1194090.66925184,"Panda"
"344",232270010240,1234234.62771633,"Panda"
"345",232270010480,1874592.61054601,"Panda"
"346",232270010520,947804.029489133,"Panda"
"347",232270010600,1824704.66898029,"Panda"
"348",232270010610,2051893.94415215,"Panda"
"349",232270010661,296335.440909161,"Panda"
"350",232270010710,677760.42455765,"Panda"
"351",232270010730,2596318.29347395,"Panda"
"352",232270010731,1299894.24183953,"Panda"
"353",232270020160,575821.239693016,"Panda"
"354",232270020280,1122607.6382662,"Panda"
"355",232270020290,716147.862389394,"Panda"
"356",232270030060,988290.227460052,"Panda"
"357",232270030090,700143.726379221,"Panda"
"358",232270040410,1203888.17128353,"Panda"
"359",232270080160,-62985.1754906843,"Panda"
"360",232270080280,426032.329089477,"Panda"
"361",232270080650,1611141.81614123,"Panda"
"362",232270080850,224696.549007199,"Panda"
"363",232270080870,820020.938602689,"Panda"
"364",232270081000,977995.146307401,"Panda"
"365",232270081070,1349906.13470315,"Panda"
"366",232270081211,2459186.96462209,"Panda"
"367",232270081230,1513598.7300338,"Panda"
"368",232270081415,3728676.80197814,"Panda"
"369",232270081481,1859201.40988465,"Panda"
"370",232270081510,2243711.60420397,"Panda"
"371",232270081560,1131364.20883763,"Panda"
"372",232270081660,3532413.15572118,"Panda"
"373",232270100350,5348407.77953723,"Panda"
"374",232270100400,2448942.92755137,"Panda"
"375",232270150130,4440789.35597529,"Panda"
"376",232270160010,2930838.1464179,"Panda"
"377",232270160030,2150250.3931247,"Panda"
"378",232270160130,879037.719468795,"Panda"
"379",232270160590,1977821.72708846,"Panda"
"380",232270170110,927254.183315254,"Panda"
"381",232270170420,1183784.79379319,"Panda"
"382",232270170440,1684652.4218673,"Panda"
"383",232270170480,1566366.53832492,"Panda"
"384",232270170661,2166621.43055666,"Panda"
"385",232270170890,1465922.32167654,"Panda"
"386",232270170960,1339249.06099387,"Panda"
"387",232270171090,1564331.228968,"Panda"
"388",232280012150,2174086.82163384,"Panda"
"389",232280012200,2067663.71635734,"Panda"
"390",232280012220,1661049.41539981,"Panda"
"391",232320030630,7817955.51019992,"Panda"
"392",232320030800,4665866.65366771,"Panda"
"393",232320030820,3566426.07710187,"Panda"
"394",232320030860,3037235.82216295,"Panda"
"395",232320030870,2714970.43141072,"Panda"
"396",232320040020,3122144.62748371,"Panda"
"397",232320050130,9228378.74986327,"Panda"
"398",232320050160,4750057.51245024,"Panda"
"399",232320050340,4671796.04408145,"Panda"
"400",232320050500,6865575.75210418,"Panda"
"401",232320050550,4660725.98687325,"Panda"
"402",232320111040,1636164.27025497,"Panda"
"403",232320111050,3650470.56728985,"Panda"
"404",232320111060,1813666.29107189,"Panda"
"405",232320111190,3038084.72687221,"Panda"
"406",232320111260,4129618.42106959,"Panda"
"407",232320111280,3567684.45449014,"Panda"
"408",232320111350,2023795.42275461,"Panda"
"409",232320111410,1665935.519967,"Panda"
"410",232320111450,2074066.28181412,"Panda"
"411",232320111480,2866939.38376212,"Panda"
"412",232320111680,3456485.62532252,"Panda"
"413",232320111690,1851093.72121153,"Panda"
"414",232330010690,2566613.61625062,"Panda"
"415",232330010730,2618043.19796648,"Panda"
"416",232330010900,2152629.654361,"Panda"
"417",232330010930,4114071.71291045,"Panda"
"418",232330010970,3072647.87096516,"Panda"
"419",232330011000,2242208.94587351,"Panda"
"420",232340040350,1419999.99999999,"Panda"
"421",232340220090,3185999.78674614,"Panda"
"422",242030097090,1935394.87265911,"Panda"
"423",242030097200,1148505.68645008,"Panda"
"424",242030098670,781253.327713876,"Panda"
"425",242030098800,685134.545425606,"Panda"
"426",242030098851,276531.650165146,"Panda"
"427",242030098990,1165998.24517151,"Panda"
"428",242030099040,946569.095021225,"Panda"
"429",242050020060,6821981.56649392,"Panda"
"430",242050020110,2247494.35863679,"Panda"
"431",242050020120,2867147.0906056,"Panda"
"432",242050020190,2369021.67346851,"Panda"
"433",242050020211,9002530.95366777,"Panda"
"434",242050020360,2949368.18310808,"Panda"
"435",242050020430,1810889.18521421,"Panda"
"436",242050020530,3027096.90308456,"Panda"
"437",242050020570,2378156.86953389,"Panda"
"438",242050020650,6575742.73028045,"Panda"
"439",242050020660,1365188.69824696,"Panda"
"440",242050020790,1958188.98894747,"Panda"
"441",131120280070,319986.879722886,"Panda"
"442",131130650820,36911.4772949154,"Panda"
"443",131220000870,256962.610873985,"Panda"
"444",141020060270,578715.56985862,"Panda"
"445",131240030650,580291.42439121,"Panda"
"446",131250280680,1023517.8490458,"Panda"
"447",141200060520,416625.467950074,"Panda"
"448",131120460300,-9756.11001791508,"Panda"
"449",131130230770,78351.1008968373,"Panda"
"450",131130300230,344220.669330834,"Panda"
"451",131130300590,-63840.4313805363,"Panda"
"452",131130420290,-207233.971420103,"Panda"
"453",131130420560,301075.878063064,"Panda"
"454",131130420950,426672.354135652,"Panda"
"455",131130421440,60051.9213270255,"Panda"
"456",131130421460,-108369.303682434,"Panda"
"457",131130422250,167391.142545698,"Panda"
"458",131130480330,692040.164925502,"Panda"
"459",131130490260,45983.1189647221,"Panda"
"460",131130570860,173347.539122965,"Panda"
"461",131140150340,127407.54076181,"Panda"
"462",131140180110,-121884.01880651,"Panda"
"463",131140181090,17326.4478787725,"Panda"
"464",131140210240,-157000.181632677,"Panda"
"465",131140260060,290818.837935882,"Panda"
"466",131140270210,176678.451667318,"Panda"
"467",131140270450,-227191.565452398,"Panda"
"468",131140270990,-56828.8588349161,"Panda"
"469",131140290150,544868.463444641,"Panda"
"470",131140560031,68459.4809167454,"Panda"
"471",131220140841,209936.018218691,"Panda"
"472",131220141020,339250.536404811,"Panda"
"473",131220351360,669745.621847031,"Panda"
"474",131220390200,702593.081853955,"Panda"
"475",131220470300,341274.817552541,"Panda"
"476",131220523320,251859.974583859,"Panda"
"477",131220523580,153890.25536539,"Panda"
"478",131220524210,248008.170077749,"Panda"
"479",131220525820,578759.0358509,"Panda"
"480",131230340340,246799.497729151,"Panda"
"481",131230372090,-40376.9058306584,"Panda"
"482",131230372130,552898.538049098,"Panda"
"483",131230372340,382460.271431571,"Panda"
"484",131230372810,164553.067351234,"Panda"
"485",131230373140,398325.67164527,"Panda"
"486",131230373440,-334412.798627099,"Panda"
"487",131240012820,394576.032600689,"Panda"
"488",131240131870,672572.953651354,"Panda"
"489",131240133760,529103.736692986,"Panda"
"490",131250192280,506229.757348479,"Panda"
"491",131250270440,939917.232951621,"Panda"
"492",131260030050,8746.56343716153,"Panda"
"493",131260220200,125718.563161234,"Panda"
"494",131260220370,392599.782211442,"Panda"
"495",131260360320,491667.765893534,"Panda"
"496",131260360710,157813.343528512,"Panda"
"497",131270120210,154661.045952291,"Panda"
"498",131270280530,496131.455841984,"Panda"
"499",131340140371,211641.475993132,"Panda"
"500",131360270170,517992.385744024,"Panda"
"501",141030061260,243342.141001679,"Panda"
"502",141030080290,767615.47817595,"Panda"
"503",141030310050,280150.674482882,"Panda"
"504",141030450230,324382.792109834,"Panda"
"505",141040000110,386568.323908002,"Panda"
"506",141040240441,127667.827048777,"Panda"
"507",141040260670,-165807.071381701,"Panda"
"508",141060160070,831340.330030219,"Panda"
"509",141060181890,303506.538697629,"Panda"
"510",141090010500,482133.520008294,"Panda"
"511",141090240230,126080.22153625,"Panda"
"512",141100022500,925213.768142721,"Panda"
"513",141100632511,-81017.024741527,"Panda"
"514",141110011230,737954.159986267,"Panda"
"515",141110011780,397042.399944107,"Panda"
"516",141110110531,132577.233712976,"Panda"
"517",141110130580,220867.037034844,"Panda"
"518",141160040280,541052.968343356,"Panda"
"519",141160093890,413225.889798788,"Panda"
"520",141160152240,-104055.355292559,"Panda"
"521",141160160130,425947.241119389,"Panda"
"522",141160180470,495696.78204481,"Panda"
"523",141210020990,193045.951029556,"Panda"
"524",141210021070,156389.252439262,"Panda"
"525",141390070630,170144.130161313,"Panda"
"526",141390071230,-21968.2667940414,"Panda"
"527",141390072440,230470.35534932,"Panda"
"528",131120650501,42364.5622586419,"Panda"
"529",132070162020,639826.441060071,"Panda"
"530",132070460360,592686.89420806,"Panda"
"531",131140450180,205302.42093987,"Panda"
"532",141020064790,672387.759133757,"Panda"
"533",141060010141,-48642.2663123213,"Panda"
"534",141060360560,135901.987603508,"Panda"
"535",131340110021,628148.771963911,"Panda"
"536",141030250130,593763.974481922,"Panda"
"537",141100090260,553934.405514832,"Panda"
"538",141150080960,317233.071140407,"Panda"
"539",232100100340,1472287.21060779,"Panda"
"540",232330160210,-252144.290375595,"Panda"
"541",232030110270,-73222.2841401637,"Panda"
"542",232340150300,1543954.45157776,"Panda"
"543",232230030110,10445194.8771666,"Panda"
"544",242050010520,15371653.1305482,"Panda"
"545",232030012430,3381642.1633757,"Panda"
"546",232030070780,2450994.61787659,"Panda"
"547",232220221470,7310579.31565341,"Panda"
"548",232270060230,2763731.06382699,"Panda"
"549",232270060410,3000762.48448407,"Panda"
"550",232270060430,4195275.8429518,"Panda"
"551",232280010550,3593723.64979451,"Panda"
"552",232280010970,3224077.24740762,"Panda"
"553",232320030170,5318699.71641685,"Panda"
"554",232320110190,3662070.47990057,"Panda"
"555",232320110740,9258716.83687476,"Panda"
"556",131130170170,-192873.590500138,"Panda"
"557",131140070010,236689.23105356,"Panda"
"558",131140120760,236691.159435055,"Panda"
"559",131140120790,-128166.327809044,"Panda"
"560",131140160890,14592.3191110121,"Panda"
"561",131140170060,-184794.057474855,"Panda"
"562",131140170560,577660.766552579,"Panda"
"563",131140170600,175781.353499451,"Panda"
"564",131140180600,235087.70551801,"Panda"
"565",131140181400,-116749.632467699,"Panda"
"566",131140200760,-193104.976568715,"Panda"
"567",131140200930,346579.790887002,"Panda"
"568",131140210280,338004.234468639,"Panda"
"569",131140360170,129951.58908473,"Panda"
"570",131140360620,77744.0340048887,"Panda"
"571",131140361350,331294.30305757,"Panda"
"572",131140361750,213243.17961007,"Panda"
"573",131140361920,561472.571795486,"Panda"
"574",131140362440,-160530.586293485,"Panda"
"575",131140363210,260961.465128592,"Panda"
"576",131140390070,554532.714050607,"Panda"
"577",131140431370,131489.511220018,"Panda"
"578",131140440080,97415.3409354693,"Panda"
"579",131220521370,2281.79454425522,"Panda"
"580",131220521650,-207757.882839617,"Panda"
"581",131220521920,89505.0909060134,"Panda"
"582",131230060220,876953.092481099,"Panda"
"583",131230060570,34045.2331188187,"Panda"
"584",131230100130,132900.355071618,"Panda"
"585",131230120520,-236778.590866525,"Panda"
"586",131230120550,44636.1891579381,"Panda"
"587",131230121300,-319784.528793284,"Panda"
"588",131230121350,-91277.3211321333,"Panda"
"589",131230121410,110201.586221998,"Panda"
"590",131230121480,-14304.3615284544,"Panda"
"591",131230140310,323974.243774553,"Panda"
"592",131230290050,1048630.56896611,"Panda"
"593",131230400110,-14798.3613985342,"Panda"
"594",131230400260,-176983.046741845,"Panda"
"595",131240010050,319721.461172027,"Panda"
"596",131240011440,151402.703147471,"Panda"
"597",131240020240,-12517.2178920126,"Panda"
"598",131240031021,1206551.7988145,"Panda"
"599",131240150270,1000347.62476795,"Panda"
"600",131240161280,411714.336030696,"Panda"
"601",131240171520,462313.986549385,"Panda"
"602",131240190121,745474.581786671,"Panda"
"603",131240190300,651189.088545532,"Panda"
"604",131240190650,356670.055127362,"Panda"
"605",131240191490,373288.590940361,"Panda"
"606",131240201120,540772.516937061,"Panda"
"607",131330133520,281436.890459164,"Panda"
"608",131330140730,205946.133925719,"Panda"
"609",131330141600,-423598.460775693,"Panda"
"610",131340430430,-153346.085278772,"Panda"
"611",132070400700,103906.576946459,"Panda"
"612",132070401010,237862.650890127,"Panda"
"613",132070401650,242937.457033073,"Panda"
"614",132180040080,386735.102368978,"Panda"
"615",132180050060,1277565.94459688,"Panda"
"616",132180080190,677629.349607304,"Panda"
"617",132180080210,504790.730262411,"Panda"
"618",132180320130,593089.866615309,"Panda"
"619",132190090490,147423.123049149,"Panda"
"620",141040281710,581814.186619793,"Panda"
"621",141040281740,313039.562994975,"Panda"
"622",131230060610,-16807.9951379108,"Panda"
"623",131230110220,204102.951963627,"Panda"
"624",131230110570,87666.9529628303,"Panda"
"625",131230110990,233661.071932903,"Panda"
"626",131230111270,129990.871082991,"Panda"
"627",131230111310,138612.291528653,"Panda"
"628",131230112020,-15108.9568776458,"Panda"
"629",131230170090,179029.572674219,"Panda"
"630",131230220621,110227.921732932,"Panda"
"631",131230220830,377259.381099251,"Panda"
"632",131240010550,356068.482911712,"Panda"
"633",131240010680,313417.047639947,"Panda"
"634",131240010760,167958.894421439,"Panda"
"635",131240010960,189359.425620238,"Panda"
"636",131240012210,257396.641031314,"Panda"
"637",131240012280,521719.724389838,"Panda"
"638",131320040100,416267.82419572,"Panda"
"639",131320130120,1307300.94496619,"Panda"
"640",131330040410,543330.491755663,"Panda"
"641",131340440290,445232.255325816,"Panda"
"642",131340440650,-103171.387093967,"Panda"
"643",131340450960,-19656.9943246553,"Panda"
"644",131340500250,572003.188310919,"Panda"
"645",132070070040,927381.066978514,"Panda"
"646",132070161220,639212.799229664,"Panda"
"647",132070161360,496450.364301062,"Panda"
"648",132070163000,162842.342711556,"Panda"
"649",132070180420,480774.513067608,"Panda"
"650",132070310270,815919.875568785,"Panda"
"651",132070370380,6693953.29560964,"Panda"
"652",132070380150,463411.028633818,"Panda"
"653",132070380210,945715.306841982,"Panda"
"654",132070511210,569450.408684997,"Panda"
"655",132070830150,1114916.14957453,"Panda"
"656",132080050210,815095.723709458,"Panda"
"657",132080050260,1030531.94700353,"Panda"
"658",132080090220,901259.733751181,"Panda"
"659",132180340120,1530699.69928148,"Panda"
"660",132180360130,1585172.81810087,"Panda"
"661",132180370210,1767496.79878435,"Panda"
"662",132180370430,1065935.77626458,"Panda"
"663",132190040940,617171.207974947,"Panda"
"664",132190060130,1755687.24678559,"Panda"
"665",132190160070,815098.733557192,"Panda"
"666",132310260240,9008229.87851378,"Panda"
"667",132320010620,1609834.10284968,"Panda"
"668",140010010841,416166.774686974,"Panda"
"669",140010040010,330521.905111447,"Panda"
"670",140010040260,177547.48261755,"Panda"
"671",140010040491,401587.658681428,"Panda"
"672",140010040770,-24194.4851895122,"Panda"
"673",140010041050,22883.3207654289,"Panda"
"674",140010041810,555105.075861569,"Panda"
"675",140010043650,398435.043656937,"Panda"
"676",140010055460,561561.23462859,"Panda"
"677",140010056230,469100.689399226,"Panda"
"678",140010056280,802612.035229864,"Panda"
"679",140010057150,396326.963317438,"Panda"
"680",140010080170,25539.5310507275,"Panda"
"681",140010100100,312793.495054225,"Panda"
"682",140010120450,-81393.0215379684,"Panda"
"683",140010130320,10500.6429884088,"Panda"
"684",140010170940,204050.175974857,"Panda"
"685",140010171721,467269.760890442,"Panda"
"686",140020030610,243589.487040551,"Panda"
"687",140020032600,449767.248020901,"Panda"
"688",141030330320,302712.801355535,"Panda"
"689",141030330910,715007.407652208,"Panda"
"690",141030331730,447493.066726757,"Panda"
"691",141030332240,459097.145536355,"Panda"
"692",141030350300,883948.46367819,"Panda"
"693",141030410151,165472.646358566,"Panda"
"694",141030430020,348802.29073838,"Panda"
"695",141030430210,192781.371150242,"Panda"
"696",141030440120,1344300.92786219,"Panda"
"697",141040120130,414076.537937705,"Panda"
"698",141040190240,214416.198496518,"Panda"
"699",141040200551,248624.966906798,"Panda"
"700",141050081230,4914.65991053275,"Panda"
"701",141050240460,321095.566643929,"Panda"
"702",141050370691,1364319.15449029,"Panda"
"703",141050370920,1515.20211240617,"Panda"
"704",141050470140,105914.288607748,"Panda"
"705",141060020050,33321.8783611855,"Panda"
"706",141060110990,145792.189648981,"Panda"
"707",141060131690,279063.206487898,"Panda"
"708",141060200250,1322312.74750147,"Panda"
"709",141060200440,-127124.05127726,"Panda"
"710",141060210270,244969.067382877,"Panda"
"711",141060210300,194632.812162767,"Panda"
"712",141060430430,291172.402777833,"Panda"
"713",141060431190,92959.5117299495,"Panda"
"714",141060440280,73844.7967359789,"Panda"
"715",141060461700,480367.451731114,"Panda"
"716",141090051620,165584.112780982,"Panda"
"717",141090100020,370988.835958526,"Panda"
"718",141090110140,449092.18835493,"Panda"
"719",141090110670,460730.519448701,"Panda"
"720",141090120600,585832.893493601,"Panda"
"721",141090401870,833576.397658897,"Panda"
"722",141100120170,-49725.4198076372,"Panda"
"723",141100141110,393792.731053724,"Panda"
"724",141100141111,238727.183340591,"Panda"
"725",141100200090,330868.267056967,"Panda"
"726",141100260040,649789.2523006,"Panda"
"727",141100260170,690158.396154112,"Panda"
"728",141100310230,495942.321416401,"Panda"
"729",141100350060,456310.372776381,"Panda"
"730",141100400070,26578.762686556,"Panda"
"731",141100400090,533597.686635835,"Panda"
"732",141100440090,754407.436840259,"Panda"
"733",141100440160,-100631.959331299,"Panda"
"734",141100510030,646108.56896924,"Panda"
"735",141100590165,868712.626079251,"Panda"
"736",141100632650,322187.220886538,"Panda"
"737",141100633221,691999.579351329,"Panda"
"738",141100640900,332221.190739048,"Panda"
"739",141110040250,257581.985641316,"Panda"
"740",141110061030,292197.271408096,"Panda"
"741",141110061280,374628.114669084,"Panda"
"742",141140010091,3670090.94261275,"Panda"
"743",141140060540,1104248.39904593,"Panda"
"744",141150050010,603717.34754112,"Panda"
"745",141150060560,337267.583390646,"Panda"
"746",141150060990,314789.960330626,"Panda"
"747",141150062720,653945.073416995,"Panda"
"748",141150071370,349350.39078868,"Panda"
"749",141150082010,40564.030314096,"Panda"
"750",141150082351,139719.861394168,"Panda"
"751",141150120150,1098973.16349043,"Panda"
"752",141150121010,630467.48875638,"Panda"
"753",141150121180,1320873.84835516,"Panda"
"754",141150122251,452823.886604631,"Panda"
"755",141150123350,507263.942008985,"Panda"
"756",141150240220,912336.798560061,"Panda"
"757",141150240370,2038938.90805162,"Panda"
"758",141150240390,2316122.95886481,"Panda"
"759",141150240670,733219.054791919,"Panda"
"760",141150280105,963511.976707607,"Panda"
"761",141150330010,1017544.45366998,"Panda"
"762",141150330080,2679206.28608236,"Panda"
"763",141150381460,411197.191495598,"Panda"
"764",141150410070,-71845.3457749957,"Panda"
"765",141150410230,473447.582084485,"Panda"
"766",141150430090,451001.063864403,"Panda"
"767",141150440450,1046484.22723497,"Panda"
"768",141150440520,597450.23204427,"Panda"
"769",141150900010,1502549.4070196,"Panda"
"770",141151020020,2297322.21044857,"Panda"
"771",141200060860,-90160.8497593523,"Panda"
"772",141200090110,570249.315576978,"Panda"
"773",141200160080,492817.097095345,"Panda"
"774",141200160170,45743.5980702117,"Panda"
"775",141200160180,39088.1575535156,"Panda"
"776",141200160255,3445127.2797897,"Panda"
"777",141200420010,1920949.99771733,"Panda"
"778",141210071830,114403.30442314,"Panda"
"779",141210120070,662856.054009353,"Panda"
"780",141210130050,16039.976704058,"Panda"
"781",141210130260,3661553.0417758,"Panda"
"782",141220011070,197709.245051045,"Panda"
"783",141280090150,1728684.34264632,"Panda"
"784",141290060050,926473.950906406,"Panda"
"785",141290100560,944519.801630119,"Panda"
"786",141290140090,2062490.13293846,"Panda"
"787",141290140110,1125246.14250947,"Panda"
"788",141290180170,1488476.25206116,"Panda"
"789",141290220120,1926880.93016186,"Panda"
"790",141380010350,774353.715095862,"Panda"
"791",141380011400,190638.628214054,"Panda"
"792",141380013010,296776.937770956,"Panda"
"793",141380013590,1066043.01093519,"Panda"
"794",141380013685,4837409.52832155,"Panda"
"795",141380080350,791351.280429925,"Panda"
"796",141380082230,1479765.48393861,"Panda"
"797",141380082480,337268.825551967,"Panda"
"798",141380091245,590269.195889091,"Panda"
"799",141380091380,-18285.4625192468,"Panda"
"800",141380100500,854803.140471321,"Panda"
"801",141390011980,2847542.25726827,"Panda"
"802",141390052080,464465.591275398,"Panda"
"803",141390074300,347226.094432156,"Panda"
"804",141400030040,391876.33713602,"Panda"
"805",232030012070,1027505.18278237,"Panda"
"806",232030013370,967422.603318822,"Panda"
"807",232030073180,-14461.4464594849,"Panda"
"808",232030073530,2333203.62698948,"Panda"
"809",232100010610,398295.48574082,"Panda"
"810",232100132710,682834.25079506,"Panda"
"811",232110140680,1134754.21406114,"Panda"
"812",232140030500,2298676.37630573,"Panda"
"813",232150032320,875251.503998224,"Panda"
"814",232220100810,955744.998864848,"Panda"
"815",232220140250,3435819.68856813,"Panda"
"816",232220220300,1125221.64610211,"Panda"
"817",232270080870,820020.938602689,"Panda"
"818",232270081450,2395426.69947083,"Panda"
"819",232320050010,4889083.37401595,"Panda"
"820",242030097460,533132.648543638,"Panda"
"821",242030098670,781253.327713876,"Panda"
"822",141020052560,382356.436805076,"Panda"
"823",131130420950,426672.354135652,"Panda"
"824",131130421460,-108369.303682434,"Panda"
"825",131140040010,316555.445064165,"Panda"
"826",131140270520,163493.264324623,"Panda"
"827",131220470300,341274.817552541,"Panda"
"828",131220523580,153890.25536539,"Panda"
"829",131220525820,578759.0358509,"Panda"
"830",131230340410,188331.613572068,"Panda"
"831",131230373440,-334412.798627099,"Panda"
"832",141040070090,289375.255103542,"Panda"
"833",141050030360,2391.13804612223,"Panda"
"834",141060220290,628335.582451948,"Panda"
"835",141160180470,495696.78204481,"Panda"
"836",131340110021,628148.771963911,"Panda"
"837",131130170170,-192873.590500138,"Panda"
"838",131140080170,763728.623946039,"Panda"
"839",131140120790,-128166.327809044,"Panda"
"840",131140200760,-193104.976568715,"Panda"
"841",131140210290,64196.8186084132,"Panda"
"842",131140362230,66584.5366743616,"Panda"
"843",131140390070,554532.714050607,"Panda"
"844",131140431400,341628.403002551,"Panda"
"845",131140431600,2562.50604630445,"Panda"
"846",131230060760,410390.930455415,"Panda"
"847",131230061440,-49012.8841249466,"Panda"
"848",131230140310,323974.243774553,"Panda"
"849",131240181010,328122.147835681,"Panda"
"850",131330140730,205946.133925719,"Panda"
"851",132070401600,972245.419872354,"Panda"
"852",132180080210,504790.730262411,"Panda"
"853",141040281420,716656.08512508,"Panda"
"854",131230110570,87666.9529628303,"Panda"
"855",131240010960,189359.425620238,"Panda"
"856",131240012210,257396.641031314,"Panda"
"857",131320130460,358980.365545125,"Panda"
"858",131330030690,598500.354900857,"Panda"
"859",131350161380,-139733.005553707,"Panda"
"860",132070050010,204066.432860258,"Panda"
"861",132080020150,586401.105203263,"Panda"
"862",132190060130,1755687.24678559,"Panda"
"863",132190080860,1640824.63526921,"Panda"
"864",140010032553,366819.104248795,"Panda"
"865",140010051950,230827.347387422,"Panda"
"866",140010057322,910404.295708824,"Panda"
"867",141030330910,715007.407652208,"Panda"
"868",141030430450,299071.88810139,"Panda"
"869",141040060310,400268.976816331,"Panda"
"870",141050370691,1364319.15449029,"Panda"
"871",141060131690,279063.206487898,"Panda"
"872",141060210270,244969.067382877,"Panda"
"873",141100050160,429495.946906628,"Panda"
"874",141390073010,-201702.332359011,"Panda"
"875",232100020450,505685.430288349,"Panda"
"876",232270080280,426032.329089477,"Panda"
